Type	Accession	Unique Name
Experiment	ERX5162995	ena-EXPERIMENT-UNIVERSITY OF COLORADO, BOULDER-26-02-2021-22:51:12:839-1
Experiment	ERX5162996	ena-EXPERIMENT-UNIVERSITY OF COLORADO, BOULDER-26-02-2021-22:51:12:839-2
Experiment	ERX5162997	ena-EXPERIMENT-UNIVERSITY OF COLORADO, BOULDER-26-02-2021-22:51:12:839-3
Experiment	ERX5162998	ena-EXPERIMENT-UNIVERSITY OF COLORADO, BOULDER-26-02-2021-22:51:12:839-4
Experiment	ERX5162999	ena-EXPERIMENT-UNIVERSITY OF COLORADO, BOULDER-26-02-2021-22:51:12:839-5
Experiment	ERX5163000	ena-EXPERIMENT-UNIVERSITY OF COLORADO, BOULDER-26-02-2021-22:51:12:839-6
Experiment	ERX5163001	ena-EXPERIMENT-UNIVERSITY OF COLORADO, BOULDER-26-02-2021-22:51:12:840-7
Experiment	ERX5163002	ena-EXPERIMENT-UNIVERSITY OF COLORADO, BOULDER-26-02-2021-22:51:12:840-8
Experiment	ERX5163003	ena-EXPERIMENT-UNIVERSITY OF COLORADO, BOULDER-26-02-2021-22:51:12:840-9
Experiment	ERX5163004	ena-EXPERIMENT-UNIVERSITY OF COLORADO, BOULDER-26-02-2021-22:51:12:840-10
Experiment	ERX5163005	ena-EXPERIMENT-UNIVERSITY OF COLORADO, BOULDER-26-02-2021-22:51:12:840-11
Experiment	ERX5163006	ena-EXPERIMENT-UNIVERSITY OF COLORADO, BOULDER-26-02-2021-22:51:12:840-12
Experiment	ERX5163007	ena-EXPERIMENT-UNIVERSITY OF COLORADO, BOULDER-26-02-2021-22:51:12:840-13
Experiment	ERX5163008	ena-EXPERIMENT-UNIVERSITY OF COLORADO, BOULDER-26-02-2021-22:51:12:840-14
Experiment	ERX5163009	ena-EXPERIMENT-UNIVERSITY OF COLORADO, BOULDER-26-02-2021-22:51:12:840-15
Experiment	ERX5163010	ena-EXPERIMENT-UNIVERSITY OF COLORADO, BOULDER-26-02-2021-22:51:12:840-16
Experiment	ERX5163011	ena-EXPERIMENT-UNIVERSITY OF COLORADO, BOULDER-26-02-2021-22:51:12:840-17
Experiment	ERX5163012	ena-EXPERIMENT-UNIVERSITY OF COLORADO, BOULDER-26-02-2021-22:51:12:840-18
Experiment	ERX5163013	ena-EXPERIMENT-UNIVERSITY OF COLORADO, BOULDER-26-02-2021-22:51:12:840-19
Experiment	ERX5163014	ena-EXPERIMENT-UNIVERSITY OF COLORADO, BOULDER-26-02-2021-22:51:12:840-20
Experiment	ERX5163015	ena-EXPERIMENT-UNIVERSITY OF COLORADO, BOULDER-26-02-2021-22:51:12:840-21
Experiment	ERX5163016	ena-EXPERIMENT-UNIVERSITY OF COLORADO, BOULDER-26-02-2021-22:51:12:840-22
Experiment	ERX5163017	ena-EXPERIMENT-UNIVERSITY OF COLORADO, BOULDER-26-02-2021-22:51:12:840-23
Experiment	ERX5163018	ena-EXPERIMENT-UNIVERSITY OF COLORADO, BOULDER-26-02-2021-22:51:12:840-24
Experiment	ERX5163019	ena-EXPERIMENT-UNIVERSITY OF COLORADO, BOULDER-26-02-2021-22:51:12:840-25
Experiment	ERX5163020	ena-EXPERIMENT-UNIVERSITY OF COLORADO, BOULDER-26-02-2021-22:51:12:840-26
Experiment	ERX5163021	ena-EXPERIMENT-UNIVERSITY OF COLORADO, BOULDER-26-02-2021-22:51:12:840-27
Experiment	ERX5163022	ena-EXPERIMENT-UNIVERSITY OF COLORADO, BOULDER-26-02-2021-22:51:12:840-28
Experiment	ERX5163023	ena-EXPERIMENT-UNIVERSITY OF COLORADO, BOULDER-26-02-2021-22:51:12:840-29
Experiment	ERX5163024	ena-EXPERIMENT-UNIVERSITY OF COLORADO, BOULDER-26-02-2021-22:51:12:840-30
Experiment	ERX5163025	ena-EXPERIMENT-UNIVERSITY OF COLORADO, BOULDER-26-02-2021-22:51:12:840-31
Experiment	ERX5163026	ena-EXPERIMENT-UNIVERSITY OF COLORADO, BOULDER-26-02-2021-22:51:12:840-32
Experiment	ERX5163027	ena-EXPERIMENT-UNIVERSITY OF COLORADO, BOULDER-26-02-2021-22:51:12:840-33
Experiment	ERX5163028	ena-EXPERIMENT-UNIVERSITY OF COLORADO, BOULDER-26-02-2021-22:51:12:840-34
Experiment	ERX5163029	ena-EXPERIMENT-UNIVERSITY OF COLORADO, BOULDER-26-02-2021-22:51:12:840-35
Experiment	ERX5163030	ena-EXPERIMENT-UNIVERSITY OF COLORADO, BOULDER-26-02-2021-22:51:12:840-36
Experiment	ERX5163031	ena-EXPERIMENT-UNIVERSITY OF COLORADO, BOULDER-26-02-2021-22:51:12:841-37
Experiment	ERX5163032	ena-EXPERIMENT-UNIVERSITY OF COLORADO, BOULDER-26-02-2021-22:51:12:841-38
Experiment	ERX5163033	ena-EXPERIMENT-UNIVERSITY OF COLORADO, BOULDER-26-02-2021-22:51:12:841-39
Experiment	ERX5163034	ena-EXPERIMENT-UNIVERSITY OF COLORADO, BOULDER-26-02-2021-22:51:12:841-40
Experiment	ERX5163035	ena-EXPERIMENT-UNIVERSITY OF COLORADO, BOULDER-26-02-2021-22:51:12:841-41
Experiment	ERX5163036	ena-EXPERIMENT-UNIVERSITY OF COLORADO, BOULDER-26-02-2021-22:51:12:841-42
Experiment	ERX5163037	ena-EXPERIMENT-UNIVERSITY OF COLORADO, BOULDER-26-02-2021-22:51:12:841-43
Experiment	ERX5163038	ena-EXPERIMENT-UNIVERSITY OF COLORADO, BOULDER-26-02-2021-22:51:12:841-44
Experiment	ERX5163039	ena-EXPERIMENT-UNIVERSITY OF COLORADO, BOULDER-26-02-2021-22:51:12:841-45
Experiment	ERX5163040	ena-EXPERIMENT-UNIVERSITY OF COLORADO, BOULDER-26-02-2021-22:51:12:841-46
Experiment	ERX5163041	ena-EXPERIMENT-UNIVERSITY OF COLORADO, BOULDER-26-02-2021-22:51:12:841-47
Experiment	ERX5163042	ena-EXPERIMENT-UNIVERSITY OF COLORADO, BOULDER-26-02-2021-22:51:12:841-48
Experiment	ERX5163043	ena-EXPERIMENT-UNIVERSITY OF COLORADO, BOULDER-26-02-2021-22:51:12:841-49
Experiment	ERX5163044	ena-EXPERIMENT-UNIVERSITY OF COLORADO, BOULDER-26-02-2021-22:51:12:841-50
Experiment	ERX5163045	ena-EXPERIMENT-UNIVERSITY OF COLORADO, BOULDER-26-02-2021-22:51:12:841-51
Experiment	ERX5163046	ena-EXPERIMENT-UNIVERSITY OF COLORADO, BOULDER-26-02-2021-22:51:12:841-52
Experiment	ERX5163047	ena-EXPERIMENT-UNIVERSITY OF COLORADO, BOULDER-26-02-2021-22:51:12:841-53
Experiment	ERX5163048	ena-EXPERIMENT-UNIVERSITY OF COLORADO, BOULDER-26-02-2021-22:51:12:841-54
Experiment	ERX5163049	ena-EXPERIMENT-UNIVERSITY OF COLORADO, BOULDER-26-02-2021-22:51:12:841-55
Experiment	ERX5163050	ena-EXPERIMENT-UNIVERSITY OF COLORADO, BOULDER-26-02-2021-22:51:12:841-56
Experiment	ERX5163051	ena-EXPERIMENT-UNIVERSITY OF COLORADO, BOULDER-26-02-2021-22:51:12:841-57
Experiment	ERX5163052	ena-EXPERIMENT-UNIVERSITY OF COLORADO, BOULDER-26-02-2021-22:51:12:841-58
Experiment	ERX5163053	ena-EXPERIMENT-UNIVERSITY OF COLORADO, BOULDER-26-02-2021-22:51:12:841-59
Experiment	ERX5163054	ena-EXPERIMENT-UNIVERSITY OF COLORADO, BOULDER-26-02-2021-22:51:12:841-60
Experiment	ERX5163055	ena-EXPERIMENT-UNIVERSITY OF COLORADO, BOULDER-26-02-2021-22:51:12:841-61
Experiment	ERX5163056	ena-EXPERIMENT-UNIVERSITY OF COLORADO, BOULDER-26-02-2021-22:51:12:841-62
Experiment	ERX5163057	ena-EXPERIMENT-UNIVERSITY OF COLORADO, BOULDER-26-02-2021-22:51:12:841-63
Experiment	ERX5163058	ena-EXPERIMENT-UNIVERSITY OF COLORADO, BOULDER-26-02-2021-22:51:12:841-64
Experiment	ERX5163059	ena-EXPERIMENT-UNIVERSITY OF COLORADO, BOULDER-26-02-2021-22:51:12:841-65
Experiment	ERX5163060	ena-EXPERIMENT-UNIVERSITY OF COLORADO, BOULDER-26-02-2021-22:51:12:841-66
Experiment	ERX5163061	ena-EXPERIMENT-UNIVERSITY OF COLORADO, BOULDER-26-02-2021-22:51:12:842-67
Experiment	ERX5163062	ena-EXPERIMENT-UNIVERSITY OF COLORADO, BOULDER-26-02-2021-22:51:12:842-68
Experiment	ERX5163063	ena-EXPERIMENT-UNIVERSITY OF COLORADO, BOULDER-26-02-2021-22:51:12:842-69
Experiment	ERX5163064	ena-EXPERIMENT-UNIVERSITY OF COLORADO, BOULDER-26-02-2021-22:51:12:842-70
Experiment	ERX5163065	ena-EXPERIMENT-UNIVERSITY OF COLORADO, BOULDER-26-02-2021-22:51:12:842-71
Experiment	ERX5163066	ena-EXPERIMENT-UNIVERSITY OF COLORADO, BOULDER-26-02-2021-22:51:12:842-72
Experiment	ERX5163067	ena-EXPERIMENT-UNIVERSITY OF COLORADO, BOULDER-26-02-2021-22:51:12:842-73
Experiment	ERX5163068	ena-EXPERIMENT-UNIVERSITY OF COLORADO, BOULDER-26-02-2021-22:51:12:842-74
Experiment	ERX5163069	ena-EXPERIMENT-UNIVERSITY OF COLORADO, BOULDER-26-02-2021-22:51:12:842-75
Experiment	ERX5163070	ena-EXPERIMENT-UNIVERSITY OF COLORADO, BOULDER-26-02-2021-22:51:12:842-76
Experiment	ERX5163071	ena-EXPERIMENT-UNIVERSITY OF COLORADO, BOULDER-26-02-2021-22:51:12:842-77
Experiment	ERX5163072	ena-EXPERIMENT-UNIVERSITY OF COLORADO, BOULDER-26-02-2021-22:51:12:842-78
Experiment	ERX5163073	ena-EXPERIMENT-UNIVERSITY OF COLORADO, BOULDER-26-02-2021-22:51:12:842-79
Experiment	ERX5163074	ena-EXPERIMENT-UNIVERSITY OF COLORADO, BOULDER-26-02-2021-22:51:12:842-80
Experiment	ERX5163075	ena-EXPERIMENT-UNIVERSITY OF COLORADO, BOULDER-26-02-2021-22:51:12:842-81
Experiment	ERX5163076	ena-EXPERIMENT-UNIVERSITY OF COLORADO, BOULDER-26-02-2021-22:51:12:842-82
Experiment	ERX5163077	ena-EXPERIMENT-UNIVERSITY OF COLORADO, BOULDER-26-02-2021-22:51:12:842-83
Experiment	ERX5163078	ena-EXPERIMENT-UNIVERSITY OF COLORADO, BOULDER-26-02-2021-22:51:12:842-84
Experiment	ERX5163079	ena-EXPERIMENT-UNIVERSITY OF COLORADO, BOULDER-26-02-2021-22:51:12:842-85
Experiment	ERX5163080	ena-EXPERIMENT-UNIVERSITY OF COLORADO, BOULDER-26-02-2021-22:51:12:842-86
Experiment	ERX5163081	ena-EXPERIMENT-UNIVERSITY OF COLORADO, BOULDER-26-02-2021-22:51:12:842-87
Experiment	ERX5163082	ena-EXPERIMENT-UNIVERSITY OF COLORADO, BOULDER-26-02-2021-22:51:12:842-88
Experiment	ERX5163083	ena-EXPERIMENT-UNIVERSITY OF COLORADO, BOULDER-26-02-2021-22:51:12:842-89
Experiment	ERX5163084	ena-EXPERIMENT-UNIVERSITY OF COLORADO, BOULDER-26-02-2021-22:51:12:842-90
Experiment	ERX5163085	ena-EXPERIMENT-UNIVERSITY OF COLORADO, BOULDER-26-02-2021-22:51:12:842-91
Experiment	ERX5163086	ena-EXPERIMENT-UNIVERSITY OF COLORADO, BOULDER-26-02-2021-22:51:12:842-92
Experiment	ERX5163087	ena-EXPERIMENT-UNIVERSITY OF COLORADO, BOULDER-26-02-2021-22:51:12:842-93
Experiment	ERX5163088	ena-EXPERIMENT-UNIVERSITY OF COLORADO, BOULDER-26-02-2021-22:51:12:842-94
Experiment	ERX5163089	ena-EXPERIMENT-UNIVERSITY OF COLORADO, BOULDER-26-02-2021-22:51:12:842-95
Experiment	ERX5163090	ena-EXPERIMENT-UNIVERSITY OF COLORADO, BOULDER-26-02-2021-22:51:12:842-96
Experiment	ERX5163091	ena-EXPERIMENT-UNIVERSITY OF COLORADO, BOULDER-26-02-2021-22:51:12:843-97
Experiment	ERX5163092	ena-EXPERIMENT-UNIVERSITY OF COLORADO, BOULDER-26-02-2021-22:51:12:843-98
Experiment	ERX5163093	ena-EXPERIMENT-UNIVERSITY OF COLORADO, BOULDER-26-02-2021-22:51:12:843-99
Experiment	ERX5163094	ena-EXPERIMENT-UNIVERSITY OF COLORADO, BOULDER-26-02-2021-22:51:12:843-100
Experiment	ERX5163095	ena-EXPERIMENT-UNIVERSITY OF COLORADO, BOULDER-26-02-2021-22:51:12:843-101
Experiment	ERX5163096	ena-EXPERIMENT-UNIVERSITY OF COLORADO, BOULDER-26-02-2021-22:51:12:843-102
Experiment	ERX5163097	ena-EXPERIMENT-UNIVERSITY OF COLORADO, BOULDER-26-02-2021-22:51:12:843-103
Experiment	ERX5163098	ena-EXPERIMENT-UNIVERSITY OF COLORADO, BOULDER-26-02-2021-22:51:12:843-104
Experiment	ERX5163099	ena-EXPERIMENT-UNIVERSITY OF COLORADO, BOULDER-26-02-2021-22:51:12:843-105
Experiment	ERX5163100	ena-EXPERIMENT-UNIVERSITY OF COLORADO, BOULDER-26-02-2021-22:51:12:843-106
Experiment	ERX5163101	ena-EXPERIMENT-UNIVERSITY OF COLORADO, BOULDER-26-02-2021-22:51:12:843-107
Experiment	ERX5163102	ena-EXPERIMENT-UNIVERSITY OF COLORADO, BOULDER-26-02-2021-22:51:12:843-108
Experiment	ERX5163103	ena-EXPERIMENT-UNIVERSITY OF COLORADO, BOULDER-26-02-2021-22:51:12:843-109
Experiment	ERX5163104	ena-EXPERIMENT-UNIVERSITY OF COLORADO, BOULDER-26-02-2021-22:51:12:843-110
Experiment	ERX5163105	ena-EXPERIMENT-UNIVERSITY OF COLORADO, BOULDER-26-02-2021-22:51:12:843-111
Experiment	ERX5163106	ena-EXPERIMENT-UNIVERSITY OF COLORADO, BOULDER-26-02-2021-22:51:12:843-112
Experiment	ERX5163107	ena-EXPERIMENT-UNIVERSITY OF COLORADO, BOULDER-26-02-2021-22:51:12:843-113
Experiment	ERX5163108	ena-EXPERIMENT-UNIVERSITY OF COLORADO, BOULDER-26-02-2021-22:51:12:843-114
Experiment	ERX5163109	ena-EXPERIMENT-UNIVERSITY OF COLORADO, BOULDER-26-02-2021-22:51:12:843-115
Experiment	ERX5163110	ena-EXPERIMENT-UNIVERSITY OF COLORADO, BOULDER-26-02-2021-22:51:12:843-116
Experiment	ERX5163111	ena-EXPERIMENT-UNIVERSITY OF COLORADO, BOULDER-26-02-2021-22:51:12:843-117
Experiment	ERX5163112	ena-EXPERIMENT-UNIVERSITY OF COLORADO, BOULDER-26-02-2021-22:51:12:843-118
Experiment	ERX5163113	ena-EXPERIMENT-UNIVERSITY OF COLORADO, BOULDER-26-02-2021-22:51:12:843-119
Experiment	ERX5163114	ena-EXPERIMENT-UNIVERSITY OF COLORADO, BOULDER-26-02-2021-22:51:12:843-120
Experiment	ERX5163115	ena-EXPERIMENT-UNIVERSITY OF COLORADO, BOULDER-26-02-2021-22:51:12:843-121
Experiment	ERX5163116	ena-EXPERIMENT-UNIVERSITY OF COLORADO, BOULDER-26-02-2021-22:51:12:843-122
Experiment	ERX5163117	ena-EXPERIMENT-UNIVERSITY OF COLORADO, BOULDER-26-02-2021-22:51:12:843-123
Experiment	ERX5163118	ena-EXPERIMENT-UNIVERSITY OF COLORADO, BOULDER-26-02-2021-22:51:12:843-124
Experiment	ERX5163119	ena-EXPERIMENT-UNIVERSITY OF COLORADO, BOULDER-26-02-2021-22:51:12:843-125
Experiment	ERX5163120	ena-EXPERIMENT-UNIVERSITY OF COLORADO, BOULDER-26-02-2021-22:51:12:844-126
Experiment	ERX5163121	ena-EXPERIMENT-UNIVERSITY OF COLORADO, BOULDER-26-02-2021-22:51:12:844-127
Experiment	ERX5163122	ena-EXPERIMENT-UNIVERSITY OF COLORADO, BOULDER-26-02-2021-22:51:12:844-128
Experiment	ERX5163123	ena-EXPERIMENT-UNIVERSITY OF COLORADO, BOULDER-26-02-2021-22:51:12:844-129
Experiment	ERX5163124	ena-EXPERIMENT-UNIVERSITY OF COLORADO, BOULDER-26-02-2021-22:51:12:844-130
Experiment	ERX5163125	ena-EXPERIMENT-UNIVERSITY OF COLORADO, BOULDER-26-02-2021-22:51:12:844-131
Experiment	ERX5163126	ena-EXPERIMENT-UNIVERSITY OF COLORADO, BOULDER-26-02-2021-22:51:12:844-132
Experiment	ERX5163127	ena-EXPERIMENT-UNIVERSITY OF COLORADO, BOULDER-26-02-2021-22:51:12:844-133
Experiment	ERX5163128	ena-EXPERIMENT-UNIVERSITY OF COLORADO, BOULDER-26-02-2021-22:51:12:844-134
Experiment	ERX5163129	ena-EXPERIMENT-UNIVERSITY OF COLORADO, BOULDER-26-02-2021-22:51:12:844-135
Experiment	ERX5163130	ena-EXPERIMENT-UNIVERSITY OF COLORADO, BOULDER-26-02-2021-22:51:12:844-136
Experiment	ERX5163131	ena-EXPERIMENT-UNIVERSITY OF COLORADO, BOULDER-26-02-2021-22:51:12:844-137
Experiment	ERX5163132	ena-EXPERIMENT-UNIVERSITY OF COLORADO, BOULDER-26-02-2021-22:51:12:844-138
Experiment	ERX5163133	ena-EXPERIMENT-UNIVERSITY OF COLORADO, BOULDER-26-02-2021-22:51:12:844-139
Experiment	ERX5163134	ena-EXPERIMENT-UNIVERSITY OF COLORADO, BOULDER-26-02-2021-22:51:12:844-140
Experiment	ERX5163135	ena-EXPERIMENT-UNIVERSITY OF COLORADO, BOULDER-26-02-2021-22:51:12:844-141
Experiment	ERX5163136	ena-EXPERIMENT-UNIVERSITY OF COLORADO, BOULDER-26-02-2021-22:51:12:844-142
Experiment	ERX5163137	ena-EXPERIMENT-UNIVERSITY OF COLORADO, BOULDER-26-02-2021-22:51:12:844-143
Experiment	ERX5163138	ena-EXPERIMENT-UNIVERSITY OF COLORADO, BOULDER-26-02-2021-22:51:12:844-144
Experiment	ERX5163139	ena-EXPERIMENT-UNIVERSITY OF COLORADO, BOULDER-26-02-2021-22:51:12:844-145
Experiment	ERX5163140	ena-EXPERIMENT-UNIVERSITY OF COLORADO, BOULDER-26-02-2021-22:51:12:844-146
Experiment	ERX5163141	ena-EXPERIMENT-UNIVERSITY OF COLORADO, BOULDER-26-02-2021-22:51:12:844-147
Experiment	ERX5163142	ena-EXPERIMENT-UNIVERSITY OF COLORADO, BOULDER-26-02-2021-22:51:12:844-148
Experiment	ERX5163143	ena-EXPERIMENT-UNIVERSITY OF COLORADO, BOULDER-26-02-2021-22:51:12:844-149
Experiment	ERX5163144	ena-EXPERIMENT-UNIVERSITY OF COLORADO, BOULDER-26-02-2021-22:51:12:844-150
Experiment	ERX5163145	ena-EXPERIMENT-UNIVERSITY OF COLORADO, BOULDER-26-02-2021-22:51:12:844-151
Experiment	ERX5163146	ena-EXPERIMENT-UNIVERSITY OF COLORADO, BOULDER-26-02-2021-22:51:12:844-152
Experiment	ERX5163147	ena-EXPERIMENT-UNIVERSITY OF COLORADO, BOULDER-26-02-2021-22:51:12:844-153
Experiment	ERX5163148	ena-EXPERIMENT-UNIVERSITY OF COLORADO, BOULDER-26-02-2021-22:51:12:844-154
Experiment	ERX5163149	ena-EXPERIMENT-UNIVERSITY OF COLORADO, BOULDER-26-02-2021-22:51:12:844-155
Experiment	ERX5163150	ena-EXPERIMENT-UNIVERSITY OF COLORADO, BOULDER-26-02-2021-22:51:12:844-156
Experiment	ERX5163151	ena-EXPERIMENT-UNIVERSITY OF COLORADO, BOULDER-26-02-2021-22:51:12:845-157
Experiment	ERX5163152	ena-EXPERIMENT-UNIVERSITY OF COLORADO, BOULDER-26-02-2021-22:51:12:845-158
Experiment	ERX5163153	ena-EXPERIMENT-UNIVERSITY OF COLORADO, BOULDER-26-02-2021-22:51:12:845-159
Experiment	ERX5163154	ena-EXPERIMENT-UNIVERSITY OF COLORADO, BOULDER-26-02-2021-22:51:12:845-160
Experiment	ERX5163155	ena-EXPERIMENT-UNIVERSITY OF COLORADO, BOULDER-26-02-2021-22:51:12:845-161
Experiment	ERX5163156	ena-EXPERIMENT-UNIVERSITY OF COLORADO, BOULDER-26-02-2021-22:51:12:845-162
Experiment	ERX5163157	ena-EXPERIMENT-UNIVERSITY OF COLORADO, BOULDER-26-02-2021-22:51:12:845-163
Experiment	ERX5163158	ena-EXPERIMENT-UNIVERSITY OF COLORADO, BOULDER-26-02-2021-22:51:12:845-164
Experiment	ERX5163159	ena-EXPERIMENT-UNIVERSITY OF COLORADO, BOULDER-26-02-2021-22:51:12:845-165
Experiment	ERX5163160	ena-EXPERIMENT-UNIVERSITY OF COLORADO, BOULDER-26-02-2021-22:51:12:845-166
Experiment	ERX5163161	ena-EXPERIMENT-UNIVERSITY OF COLORADO, BOULDER-26-02-2021-22:51:12:845-167
Experiment	ERX5163162	ena-EXPERIMENT-UNIVERSITY OF COLORADO, BOULDER-26-02-2021-22:51:12:845-168
Experiment	ERX5163163	ena-EXPERIMENT-UNIVERSITY OF COLORADO, BOULDER-26-02-2021-22:51:12:845-169
Experiment	ERX5163164	ena-EXPERIMENT-UNIVERSITY OF COLORADO, BOULDER-26-02-2021-22:51:12:845-170
Experiment	ERX5163165	ena-EXPERIMENT-UNIVERSITY OF COLORADO, BOULDER-26-02-2021-22:51:12:845-171
Experiment	ERX5163166	ena-EXPERIMENT-UNIVERSITY OF COLORADO, BOULDER-26-02-2021-22:51:12:845-172
Experiment	ERX5163167	ena-EXPERIMENT-UNIVERSITY OF COLORADO, BOULDER-26-02-2021-22:51:12:845-173
Experiment	ERX5163168	ena-EXPERIMENT-UNIVERSITY OF COLORADO, BOULDER-26-02-2021-22:51:12:845-174
Experiment	ERX5163169	ena-EXPERIMENT-UNIVERSITY OF COLORADO, BOULDER-26-02-2021-22:51:12:845-175
Experiment	ERX5163170	ena-EXPERIMENT-UNIVERSITY OF COLORADO, BOULDER-26-02-2021-22:51:12:845-176
Experiment	ERX5163171	ena-EXPERIMENT-UNIVERSITY OF COLORADO, BOULDER-26-02-2021-22:51:12:845-177
Experiment	ERX5163172	ena-EXPERIMENT-UNIVERSITY OF COLORADO, BOULDER-26-02-2021-22:51:12:845-178
Experiment	ERX5163173	ena-EXPERIMENT-UNIVERSITY OF COLORADO, BOULDER-26-02-2021-22:51:12:845-179
Experiment	ERX5163174	ena-EXPERIMENT-UNIVERSITY OF COLORADO, BOULDER-26-02-2021-22:51:12:845-180
Experiment	ERX5163175	ena-EXPERIMENT-UNIVERSITY OF COLORADO, BOULDER-26-02-2021-22:51:12:845-181
Experiment	ERX5163176	ena-EXPERIMENT-UNIVERSITY OF COLORADO, BOULDER-26-02-2021-22:51:12:845-182
Experiment	ERX5163177	ena-EXPERIMENT-UNIVERSITY OF COLORADO, BOULDER-26-02-2021-22:51:12:845-183
Experiment	ERX5163178	ena-EXPERIMENT-UNIVERSITY OF COLORADO, BOULDER-26-02-2021-22:51:12:845-184
Experiment	ERX5163179	ena-EXPERIMENT-UNIVERSITY OF COLORADO, BOULDER-26-02-2021-22:51:12:845-185
Experiment	ERX5163180	ena-EXPERIMENT-UNIVERSITY OF COLORADO, BOULDER-26-02-2021-22:51:12:846-186
Experiment	ERX5163181	ena-EXPERIMENT-UNIVERSITY OF COLORADO, BOULDER-26-02-2021-22:51:12:846-187
Experiment	ERX5163182	ena-EXPERIMENT-UNIVERSITY OF COLORADO, BOULDER-26-02-2021-22:51:12:846-188
Experiment	ERX5163183	ena-EXPERIMENT-UNIVERSITY OF COLORADO, BOULDER-26-02-2021-22:51:12:846-189
Experiment	ERX5163184	ena-EXPERIMENT-UNIVERSITY OF COLORADO, BOULDER-26-02-2021-22:51:12:846-190
Experiment	ERX5163185	ena-EXPERIMENT-UNIVERSITY OF COLORADO, BOULDER-26-02-2021-22:51:12:846-191
Experiment	ERX5163186	ena-EXPERIMENT-UNIVERSITY OF COLORADO, BOULDER-26-02-2021-22:51:12:846-192
Experiment	ERX5163187	ena-EXPERIMENT-UNIVERSITY OF COLORADO, BOULDER-26-02-2021-22:51:12:846-193
Experiment	ERX5163188	ena-EXPERIMENT-UNIVERSITY OF COLORADO, BOULDER-26-02-2021-22:51:12:846-194
Experiment	ERX5163189	ena-EXPERIMENT-UNIVERSITY OF COLORADO, BOULDER-26-02-2021-22:51:12:846-195
Experiment	ERX5163190	ena-EXPERIMENT-UNIVERSITY OF COLORADO, BOULDER-26-02-2021-22:51:12:846-196
Experiment	ERX5163191	ena-EXPERIMENT-UNIVERSITY OF COLORADO, BOULDER-26-02-2021-22:51:12:846-197
Experiment	ERX5163192	ena-EXPERIMENT-UNIVERSITY OF COLORADO, BOULDER-26-02-2021-22:51:12:846-198
Experiment	ERX5163193	ena-EXPERIMENT-UNIVERSITY OF COLORADO, BOULDER-26-02-2021-22:51:12:846-199
Experiment	ERX5163194	ena-EXPERIMENT-UNIVERSITY OF COLORADO, BOULDER-26-02-2021-22:51:12:846-200
Experiment	ERX5163195	ena-EXPERIMENT-UNIVERSITY OF COLORADO, BOULDER-26-02-2021-22:51:12:846-201
Experiment	ERX5163196	ena-EXPERIMENT-UNIVERSITY OF COLORADO, BOULDER-26-02-2021-22:51:12:846-202
Experiment	ERX5163197	ena-EXPERIMENT-UNIVERSITY OF COLORADO, BOULDER-26-02-2021-22:51:12:846-203
Experiment	ERX5163198	ena-EXPERIMENT-UNIVERSITY OF COLORADO, BOULDER-26-02-2021-22:51:12:846-204
Experiment	ERX5163199	ena-EXPERIMENT-UNIVERSITY OF COLORADO, BOULDER-26-02-2021-22:51:12:846-205
Experiment	ERX5163200	ena-EXPERIMENT-UNIVERSITY OF COLORADO, BOULDER-26-02-2021-22:51:12:846-206
Experiment	ERX5163201	ena-EXPERIMENT-UNIVERSITY OF COLORADO, BOULDER-26-02-2021-22:51:12:846-207
Experiment	ERX5163202	ena-EXPERIMENT-UNIVERSITY OF COLORADO, BOULDER-26-02-2021-22:51:12:846-208
Experiment	ERX5163203	ena-EXPERIMENT-UNIVERSITY OF COLORADO, BOULDER-26-02-2021-22:51:12:846-209
Experiment	ERX5163204	ena-EXPERIMENT-UNIVERSITY OF COLORADO, BOULDER-26-02-2021-22:51:12:846-210
Experiment	ERX5163205	ena-EXPERIMENT-UNIVERSITY OF COLORADO, BOULDER-26-02-2021-22:51:12:846-211
Experiment	ERX5163206	ena-EXPERIMENT-UNIVERSITY OF COLORADO, BOULDER-26-02-2021-22:51:12:846-212
Experiment	ERX5163207	ena-EXPERIMENT-UNIVERSITY OF COLORADO, BOULDER-26-02-2021-22:51:12:846-213
Experiment	ERX5163208	ena-EXPERIMENT-UNIVERSITY OF COLORADO, BOULDER-26-02-2021-22:51:12:846-214
Experiment	ERX5163209	ena-EXPERIMENT-UNIVERSITY OF COLORADO, BOULDER-26-02-2021-22:51:12:847-215
Experiment	ERX5163210	ena-EXPERIMENT-UNIVERSITY OF COLORADO, BOULDER-26-02-2021-22:51:12:847-216
Experiment	ERX5163211	ena-EXPERIMENT-UNIVERSITY OF COLORADO, BOULDER-26-02-2021-22:51:12:847-217
Experiment	ERX5163212	ena-EXPERIMENT-UNIVERSITY OF COLORADO, BOULDER-26-02-2021-22:51:12:847-218
Experiment	ERX5163213	ena-EXPERIMENT-UNIVERSITY OF COLORADO, BOULDER-26-02-2021-22:51:12:847-219
Experiment	ERX5163214	ena-EXPERIMENT-UNIVERSITY OF COLORADO, BOULDER-26-02-2021-22:51:12:847-220
Experiment	ERX5163215	ena-EXPERIMENT-UNIVERSITY OF COLORADO, BOULDER-26-02-2021-22:51:12:847-221
Experiment	ERX5163216	ena-EXPERIMENT-UNIVERSITY OF COLORADO, BOULDER-26-02-2021-22:51:12:847-222
Experiment	ERX5163217	ena-EXPERIMENT-UNIVERSITY OF COLORADO, BOULDER-26-02-2021-22:51:12:847-223
Experiment	ERX5163218	ena-EXPERIMENT-UNIVERSITY OF COLORADO, BOULDER-26-02-2021-22:51:12:847-224
Experiment	ERX5163219	ena-EXPERIMENT-UNIVERSITY OF COLORADO, BOULDER-26-02-2021-22:51:12:847-225
Experiment	ERX5163220	ena-EXPERIMENT-UNIVERSITY OF COLORADO, BOULDER-26-02-2021-22:51:12:847-226
Experiment	ERX5163221	ena-EXPERIMENT-UNIVERSITY OF COLORADO, BOULDER-26-02-2021-22:51:12:847-227
Experiment	ERX5163222	ena-EXPERIMENT-UNIVERSITY OF COLORADO, BOULDER-26-02-2021-22:51:12:847-228
Experiment	ERX5163223	ena-EXPERIMENT-UNIVERSITY OF COLORADO, BOULDER-26-02-2021-22:51:12:847-229
Experiment	ERX5163224	ena-EXPERIMENT-UNIVERSITY OF COLORADO, BOULDER-26-02-2021-22:51:12:847-230
Experiment	ERX5163225	ena-EXPERIMENT-UNIVERSITY OF COLORADO, BOULDER-26-02-2021-22:51:12:847-231
Experiment	ERX5163226	ena-EXPERIMENT-UNIVERSITY OF COLORADO, BOULDER-26-02-2021-22:51:12:847-232
Experiment	ERX5163227	ena-EXPERIMENT-UNIVERSITY OF COLORADO, BOULDER-26-02-2021-22:51:12:847-233
Experiment	ERX5163228	ena-EXPERIMENT-UNIVERSITY OF COLORADO, BOULDER-26-02-2021-22:51:12:847-234
Experiment	ERX5163229	ena-EXPERIMENT-UNIVERSITY OF COLORADO, BOULDER-26-02-2021-22:51:12:847-235
Experiment	ERX5163230	ena-EXPERIMENT-UNIVERSITY OF COLORADO, BOULDER-26-02-2021-22:51:12:847-236
Experiment	ERX5163231	ena-EXPERIMENT-UNIVERSITY OF COLORADO, BOULDER-26-02-2021-22:51:12:847-237
Experiment	ERX5163232	ena-EXPERIMENT-UNIVERSITY OF COLORADO, BOULDER-26-02-2021-22:51:12:847-238
Experiment	ERX5163233	ena-EXPERIMENT-UNIVERSITY OF COLORADO, BOULDER-26-02-2021-22:51:12:847-239
Experiment	ERX5163234	ena-EXPERIMENT-UNIVERSITY OF COLORADO, BOULDER-26-02-2021-22:51:12:847-240
Experiment	ERX5163235	ena-EXPERIMENT-UNIVERSITY OF COLORADO, BOULDER-26-02-2021-22:51:12:847-241
Experiment	ERX5163236	ena-EXPERIMENT-UNIVERSITY OF COLORADO, BOULDER-26-02-2021-22:51:12:847-242
Experiment	ERX5163237	ena-EXPERIMENT-UNIVERSITY OF COLORADO, BOULDER-26-02-2021-22:51:12:847-243
Experiment	ERX5163238	ena-EXPERIMENT-UNIVERSITY OF COLORADO, BOULDER-26-02-2021-22:51:12:847-244
Experiment	ERX5163239	ena-EXPERIMENT-UNIVERSITY OF COLORADO, BOULDER-26-02-2021-22:51:12:848-245
Experiment	ERX5163240	ena-EXPERIMENT-UNIVERSITY OF COLORADO, BOULDER-26-02-2021-22:51:12:848-246
Experiment	ERX5163241	ena-EXPERIMENT-UNIVERSITY OF COLORADO, BOULDER-26-02-2021-22:51:12:848-247
Experiment	ERX5163242	ena-EXPERIMENT-UNIVERSITY OF COLORADO, BOULDER-26-02-2021-22:51:12:848-248
Experiment	ERX5163243	ena-EXPERIMENT-UNIVERSITY OF COLORADO, BOULDER-26-02-2021-22:51:12:848-249
Experiment	ERX5163244	ena-EXPERIMENT-UNIVERSITY OF COLORADO, BOULDER-26-02-2021-22:51:12:848-250
Experiment	ERX5163245	ena-EXPERIMENT-UNIVERSITY OF COLORADO, BOULDER-26-02-2021-22:51:12:848-251
Experiment	ERX5163246	ena-EXPERIMENT-UNIVERSITY OF COLORADO, BOULDER-26-02-2021-22:51:12:848-252
Experiment	ERX5163247	ena-EXPERIMENT-UNIVERSITY OF COLORADO, BOULDER-26-02-2021-22:51:12:848-253
Experiment	ERX5163248	ena-EXPERIMENT-UNIVERSITY OF COLORADO, BOULDER-26-02-2021-22:51:12:848-254
Experiment	ERX5163249	ena-EXPERIMENT-UNIVERSITY OF COLORADO, BOULDER-26-02-2021-22:51:12:848-255
Experiment	ERX5163250	ena-EXPERIMENT-UNIVERSITY OF COLORADO, BOULDER-26-02-2021-22:51:12:848-256
Experiment	ERX5163251	ena-EXPERIMENT-UNIVERSITY OF COLORADO, BOULDER-26-02-2021-22:51:12:848-257
Experiment	ERX5163252	ena-EXPERIMENT-UNIVERSITY OF COLORADO, BOULDER-26-02-2021-22:51:12:848-258
Experiment	ERX5163253	ena-EXPERIMENT-UNIVERSITY OF COLORADO, BOULDER-26-02-2021-22:51:12:848-259
Experiment	ERX5163254	ena-EXPERIMENT-UNIVERSITY OF COLORADO, BOULDER-26-02-2021-22:51:12:848-260
Run	ERR5378054	ena-RUN-UNIVERSITY OF COLORADO, BOULDER-26-02-2021-22:51:12:839-1
Run	ERR5378055	ena-RUN-UNIVERSITY OF COLORADO, BOULDER-26-02-2021-22:51:12:839-2
Run	ERR5378056	ena-RUN-UNIVERSITY OF COLORADO, BOULDER-26-02-2021-22:51:12:839-3
Run	ERR5378057	ena-RUN-UNIVERSITY OF COLORADO, BOULDER-26-02-2021-22:51:12:839-4
Run	ERR5378058	ena-RUN-UNIVERSITY OF COLORADO, BOULDER-26-02-2021-22:51:12:839-5
Run	ERR5378059	ena-RUN-UNIVERSITY OF COLORADO, BOULDER-26-02-2021-22:51:12:839-6
Run	ERR5378060	ena-RUN-UNIVERSITY OF COLORADO, BOULDER-26-02-2021-22:51:12:840-7
Run	ERR5378061	ena-RUN-UNIVERSITY OF COLORADO, BOULDER-26-02-2021-22:51:12:840-8
Run	ERR5378062	ena-RUN-UNIVERSITY OF COLORADO, BOULDER-26-02-2021-22:51:12:840-9
Run	ERR5378063	ena-RUN-UNIVERSITY OF COLORADO, BOULDER-26-02-2021-22:51:12:840-10
Run	ERR5378064	ena-RUN-UNIVERSITY OF COLORADO, BOULDER-26-02-2021-22:51:12:840-11
Run	ERR5378065	ena-RUN-UNIVERSITY OF COLORADO, BOULDER-26-02-2021-22:51:12:840-12
Run	ERR5378066	ena-RUN-UNIVERSITY OF COLORADO, BOULDER-26-02-2021-22:51:12:840-13
Run	ERR5378067	ena-RUN-UNIVERSITY OF COLORADO, BOULDER-26-02-2021-22:51:12:840-14
Run	ERR5378068	ena-RUN-UNIVERSITY OF COLORADO, BOULDER-26-02-2021-22:51:12:840-15
Run	ERR5378069	ena-RUN-UNIVERSITY OF COLORADO, BOULDER-26-02-2021-22:51:12:840-16
Run	ERR5378070	ena-RUN-UNIVERSITY OF COLORADO, BOULDER-26-02-2021-22:51:12:840-17
Run	ERR5378071	ena-RUN-UNIVERSITY OF COLORADO, BOULDER-26-02-2021-22:51:12:840-18
Run	ERR5378072	ena-RUN-UNIVERSITY OF COLORADO, BOULDER-26-02-2021-22:51:12:840-19
Run	ERR5378073	ena-RUN-UNIVERSITY OF COLORADO, BOULDER-26-02-2021-22:51:12:840-20
Run	ERR5378074	ena-RUN-UNIVERSITY OF COLORADO, BOULDER-26-02-2021-22:51:12:840-21
Run	ERR5378075	ena-RUN-UNIVERSITY OF COLORADO, BOULDER-26-02-2021-22:51:12:840-22
Run	ERR5378076	ena-RUN-UNIVERSITY OF COLORADO, BOULDER-26-02-2021-22:51:12:840-23
Run	ERR5378077	ena-RUN-UNIVERSITY OF COLORADO, BOULDER-26-02-2021-22:51:12:840-24
Run	ERR5378078	ena-RUN-UNIVERSITY OF COLORADO, BOULDER-26-02-2021-22:51:12:840-25
Run	ERR5378079	ena-RUN-UNIVERSITY OF COLORADO, BOULDER-26-02-2021-22:51:12:840-26
Run	ERR5378080	ena-RUN-UNIVERSITY OF COLORADO, BOULDER-26-02-2021-22:51:12:840-27
Run	ERR5378081	ena-RUN-UNIVERSITY OF COLORADO, BOULDER-26-02-2021-22:51:12:840-28
Run	ERR5378082	ena-RUN-UNIVERSITY OF COLORADO, BOULDER-26-02-2021-22:51:12:840-29
Run	ERR5378083	ena-RUN-UNIVERSITY OF COLORADO, BOULDER-26-02-2021-22:51:12:840-30
Run	ERR5378084	ena-RUN-UNIVERSITY OF COLORADO, BOULDER-26-02-2021-22:51:12:840-31
Run	ERR5378085	ena-RUN-UNIVERSITY OF COLORADO, BOULDER-26-02-2021-22:51:12:840-32
Run	ERR5378086	ena-RUN-UNIVERSITY OF COLORADO, BOULDER-26-02-2021-22:51:12:840-33
Run	ERR5378087	ena-RUN-UNIVERSITY OF COLORADO, BOULDER-26-02-2021-22:51:12:840-34
Run	ERR5378088	ena-RUN-UNIVERSITY OF COLORADO, BOULDER-26-02-2021-22:51:12:840-35
Run	ERR5378089	ena-RUN-UNIVERSITY OF COLORADO, BOULDER-26-02-2021-22:51:12:840-36
Run	ERR5378090	ena-RUN-UNIVERSITY OF COLORADO, BOULDER-26-02-2021-22:51:12:841-37
Run	ERR5378091	ena-RUN-UNIVERSITY OF COLORADO, BOULDER-26-02-2021-22:51:12:841-38
Run	ERR5378092	ena-RUN-UNIVERSITY OF COLORADO, BOULDER-26-02-2021-22:51:12:841-39
Run	ERR5378093	ena-RUN-UNIVERSITY OF COLORADO, BOULDER-26-02-2021-22:51:12:841-40
Run	ERR5378094	ena-RUN-UNIVERSITY OF COLORADO, BOULDER-26-02-2021-22:51:12:841-41
Run	ERR5378095	ena-RUN-UNIVERSITY OF COLORADO, BOULDER-26-02-2021-22:51:12:841-42
Run	ERR5378096	ena-RUN-UNIVERSITY OF COLORADO, BOULDER-26-02-2021-22:51:12:841-43
Run	ERR5378097	ena-RUN-UNIVERSITY OF COLORADO, BOULDER-26-02-2021-22:51:12:841-44
Run	ERR5378098	ena-RUN-UNIVERSITY OF COLORADO, BOULDER-26-02-2021-22:51:12:841-45
Run	ERR5378099	ena-RUN-UNIVERSITY OF COLORADO, BOULDER-26-02-2021-22:51:12:841-46
Run	ERR5378100	ena-RUN-UNIVERSITY OF COLORADO, BOULDER-26-02-2021-22:51:12:841-47
Run	ERR5378101	ena-RUN-UNIVERSITY OF COLORADO, BOULDER-26-02-2021-22:51:12:841-48
Run	ERR5378102	ena-RUN-UNIVERSITY OF COLORADO, BOULDER-26-02-2021-22:51:12:841-49
Run	ERR5378103	ena-RUN-UNIVERSITY OF COLORADO, BOULDER-26-02-2021-22:51:12:841-50
Run	ERR5378104	ena-RUN-UNIVERSITY OF COLORADO, BOULDER-26-02-2021-22:51:12:841-51
Run	ERR5378105	ena-RUN-UNIVERSITY OF COLORADO, BOULDER-26-02-2021-22:51:12:841-52
Run	ERR5378106	ena-RUN-UNIVERSITY OF COLORADO, BOULDER-26-02-2021-22:51:12:841-53
Run	ERR5378107	ena-RUN-UNIVERSITY OF COLORADO, BOULDER-26-02-2021-22:51:12:841-54
Run	ERR5378108	ena-RUN-UNIVERSITY OF COLORADO, BOULDER-26-02-2021-22:51:12:841-55
Run	ERR5378109	ena-RUN-UNIVERSITY OF COLORADO, BOULDER-26-02-2021-22:51:12:841-56
Run	ERR5378110	ena-RUN-UNIVERSITY OF COLORADO, BOULDER-26-02-2021-22:51:12:841-57
Run	ERR5378111	ena-RUN-UNIVERSITY OF COLORADO, BOULDER-26-02-2021-22:51:12:841-58
Run	ERR5378112	ena-RUN-UNIVERSITY OF COLORADO, BOULDER-26-02-2021-22:51:12:841-59
Run	ERR5378113	ena-RUN-UNIVERSITY OF COLORADO, BOULDER-26-02-2021-22:51:12:841-60
Run	ERR5378114	ena-RUN-UNIVERSITY OF COLORADO, BOULDER-26-02-2021-22:51:12:841-61
Run	ERR5378115	ena-RUN-UNIVERSITY OF COLORADO, BOULDER-26-02-2021-22:51:12:841-62
Run	ERR5378116	ena-RUN-UNIVERSITY OF COLORADO, BOULDER-26-02-2021-22:51:12:841-63
Run	ERR5378117	ena-RUN-UNIVERSITY OF COLORADO, BOULDER-26-02-2021-22:51:12:841-64
Run	ERR5378118	ena-RUN-UNIVERSITY OF COLORADO, BOULDER-26-02-2021-22:51:12:841-65
Run	ERR5378119	ena-RUN-UNIVERSITY OF COLORADO, BOULDER-26-02-2021-22:51:12:841-66
Run	ERR5378120	ena-RUN-UNIVERSITY OF COLORADO, BOULDER-26-02-2021-22:51:12:842-67
Run	ERR5378121	ena-RUN-UNIVERSITY OF COLORADO, BOULDER-26-02-2021-22:51:12:842-68
Run	ERR5378122	ena-RUN-UNIVERSITY OF COLORADO, BOULDER-26-02-2021-22:51:12:842-69
Run	ERR5378123	ena-RUN-UNIVERSITY OF COLORADO, BOULDER-26-02-2021-22:51:12:842-70
Run	ERR5378124	ena-RUN-UNIVERSITY OF COLORADO, BOULDER-26-02-2021-22:51:12:842-71
Run	ERR5378125	ena-RUN-UNIVERSITY OF COLORADO, BOULDER-26-02-2021-22:51:12:842-72
Run	ERR5378126	ena-RUN-UNIVERSITY OF COLORADO, BOULDER-26-02-2021-22:51:12:842-73
Run	ERR5378127	ena-RUN-UNIVERSITY OF COLORADO, BOULDER-26-02-2021-22:51:12:842-74
Run	ERR5378128	ena-RUN-UNIVERSITY OF COLORADO, BOULDER-26-02-2021-22:51:12:842-75
Run	ERR5378129	ena-RUN-UNIVERSITY OF COLORADO, BOULDER-26-02-2021-22:51:12:842-76
Run	ERR5378130	ena-RUN-UNIVERSITY OF COLORADO, BOULDER-26-02-2021-22:51:12:842-77
Run	ERR5378131	ena-RUN-UNIVERSITY OF COLORADO, BOULDER-26-02-2021-22:51:12:842-78
Run	ERR5378132	ena-RUN-UNIVERSITY OF COLORADO, BOULDER-26-02-2021-22:51:12:842-79
Run	ERR5378133	ena-RUN-UNIVERSITY OF COLORADO, BOULDER-26-02-2021-22:51:12:842-80
Run	ERR5378134	ena-RUN-UNIVERSITY OF COLORADO, BOULDER-26-02-2021-22:51:12:842-81
Run	ERR5378135	ena-RUN-UNIVERSITY OF COLORADO, BOULDER-26-02-2021-22:51:12:842-82
Run	ERR5378136	ena-RUN-UNIVERSITY OF COLORADO, BOULDER-26-02-2021-22:51:12:842-83
Run	ERR5378137	ena-RUN-UNIVERSITY OF COLORADO, BOULDER-26-02-2021-22:51:12:842-84
Run	ERR5378138	ena-RUN-UNIVERSITY OF COLORADO, BOULDER-26-02-2021-22:51:12:842-85
Run	ERR5378139	ena-RUN-UNIVERSITY OF COLORADO, BOULDER-26-02-2021-22:51:12:842-86
Run	ERR5378140	ena-RUN-UNIVERSITY OF COLORADO, BOULDER-26-02-2021-22:51:12:842-87
Run	ERR5378141	ena-RUN-UNIVERSITY OF COLORADO, BOULDER-26-02-2021-22:51:12:842-88
Run	ERR5378142	ena-RUN-UNIVERSITY OF COLORADO, BOULDER-26-02-2021-22:51:12:842-89
Run	ERR5378143	ena-RUN-UNIVERSITY OF COLORADO, BOULDER-26-02-2021-22:51:12:842-90
Run	ERR5378144	ena-RUN-UNIVERSITY OF COLORADO, BOULDER-26-02-2021-22:51:12:842-91
Run	ERR5378145	ena-RUN-UNIVERSITY OF COLORADO, BOULDER-26-02-2021-22:51:12:842-92
Run	ERR5378146	ena-RUN-UNIVERSITY OF COLORADO, BOULDER-26-02-2021-22:51:12:842-93
Run	ERR5378147	ena-RUN-UNIVERSITY OF COLORADO, BOULDER-26-02-2021-22:51:12:842-94
Run	ERR5378148	ena-RUN-UNIVERSITY OF COLORADO, BOULDER-26-02-2021-22:51:12:842-95
Run	ERR5378149	ena-RUN-UNIVERSITY OF COLORADO, BOULDER-26-02-2021-22:51:12:842-96
Run	ERR5378150	ena-RUN-UNIVERSITY OF COLORADO, BOULDER-26-02-2021-22:51:12:843-97
Run	ERR5378151	ena-RUN-UNIVERSITY OF COLORADO, BOULDER-26-02-2021-22:51:12:843-98
Run	ERR5378152	ena-RUN-UNIVERSITY OF COLORADO, BOULDER-26-02-2021-22:51:12:843-99
Run	ERR5378153	ena-RUN-UNIVERSITY OF COLORADO, BOULDER-26-02-2021-22:51:12:843-100
Run	ERR5378154	ena-RUN-UNIVERSITY OF COLORADO, BOULDER-26-02-2021-22:51:12:843-101
Run	ERR5378155	ena-RUN-UNIVERSITY OF COLORADO, BOULDER-26-02-2021-22:51:12:843-102
Run	ERR5378156	ena-RUN-UNIVERSITY OF COLORADO, BOULDER-26-02-2021-22:51:12:843-103
Run	ERR5378157	ena-RUN-UNIVERSITY OF COLORADO, BOULDER-26-02-2021-22:51:12:843-104
Run	ERR5378158	ena-RUN-UNIVERSITY OF COLORADO, BOULDER-26-02-2021-22:51:12:843-105
Run	ERR5378159	ena-RUN-UNIVERSITY OF COLORADO, BOULDER-26-02-2021-22:51:12:843-106
Run	ERR5378160	ena-RUN-UNIVERSITY OF COLORADO, BOULDER-26-02-2021-22:51:12:843-107
Run	ERR5378161	ena-RUN-UNIVERSITY OF COLORADO, BOULDER-26-02-2021-22:51:12:843-108
Run	ERR5378162	ena-RUN-UNIVERSITY OF COLORADO, BOULDER-26-02-2021-22:51:12:843-109
Run	ERR5378163	ena-RUN-UNIVERSITY OF COLORADO, BOULDER-26-02-2021-22:51:12:843-110
Run	ERR5378164	ena-RUN-UNIVERSITY OF COLORADO, BOULDER-26-02-2021-22:51:12:843-111
Run	ERR5378165	ena-RUN-UNIVERSITY OF COLORADO, BOULDER-26-02-2021-22:51:12:843-112
Run	ERR5378166	ena-RUN-UNIVERSITY OF COLORADO, BOULDER-26-02-2021-22:51:12:843-113
Run	ERR5378167	ena-RUN-UNIVERSITY OF COLORADO, BOULDER-26-02-2021-22:51:12:843-114
Run	ERR5378168	ena-RUN-UNIVERSITY OF COLORADO, BOULDER-26-02-2021-22:51:12:843-115
Run	ERR5378169	ena-RUN-UNIVERSITY OF COLORADO, BOULDER-26-02-2021-22:51:12:843-116
Run	ERR5378170	ena-RUN-UNIVERSITY OF COLORADO, BOULDER-26-02-2021-22:51:12:843-117
Run	ERR5378171	ena-RUN-UNIVERSITY OF COLORADO, BOULDER-26-02-2021-22:51:12:843-118
Run	ERR5378172	ena-RUN-UNIVERSITY OF COLORADO, BOULDER-26-02-2021-22:51:12:843-119
Run	ERR5378173	ena-RUN-UNIVERSITY OF COLORADO, BOULDER-26-02-2021-22:51:12:843-120
Run	ERR5378174	ena-RUN-UNIVERSITY OF COLORADO, BOULDER-26-02-2021-22:51:12:843-121
Run	ERR5378175	ena-RUN-UNIVERSITY OF COLORADO, BOULDER-26-02-2021-22:51:12:843-122
Run	ERR5378176	ena-RUN-UNIVERSITY OF COLORADO, BOULDER-26-02-2021-22:51:12:843-123
Run	ERR5378177	ena-RUN-UNIVERSITY OF COLORADO, BOULDER-26-02-2021-22:51:12:843-124
Run	ERR5378178	ena-RUN-UNIVERSITY OF COLORADO, BOULDER-26-02-2021-22:51:12:843-125
Run	ERR5378179	ena-RUN-UNIVERSITY OF COLORADO, BOULDER-26-02-2021-22:51:12:844-126
Run	ERR5378180	ena-RUN-UNIVERSITY OF COLORADO, BOULDER-26-02-2021-22:51:12:844-127
Run	ERR5378181	ena-RUN-UNIVERSITY OF COLORADO, BOULDER-26-02-2021-22:51:12:844-128
Run	ERR5378182	ena-RUN-UNIVERSITY OF COLORADO, BOULDER-26-02-2021-22:51:12:844-129
Run	ERR5378183	ena-RUN-UNIVERSITY OF COLORADO, BOULDER-26-02-2021-22:51:12:844-130
Run	ERR5378184	ena-RUN-UNIVERSITY OF COLORADO, BOULDER-26-02-2021-22:51:12:844-131
Run	ERR5378185	ena-RUN-UNIVERSITY OF COLORADO, BOULDER-26-02-2021-22:51:12:844-132
Run	ERR5378186	ena-RUN-UNIVERSITY OF COLORADO, BOULDER-26-02-2021-22:51:12:844-133
Run	ERR5378187	ena-RUN-UNIVERSITY OF COLORADO, BOULDER-26-02-2021-22:51:12:844-134
Run	ERR5378188	ena-RUN-UNIVERSITY OF COLORADO, BOULDER-26-02-2021-22:51:12:844-135
Run	ERR5378189	ena-RUN-UNIVERSITY OF COLORADO, BOULDER-26-02-2021-22:51:12:844-136
Run	ERR5378190	ena-RUN-UNIVERSITY OF COLORADO, BOULDER-26-02-2021-22:51:12:844-137
Run	ERR5378191	ena-RUN-UNIVERSITY OF COLORADO, BOULDER-26-02-2021-22:51:12:844-138
Run	ERR5378192	ena-RUN-UNIVERSITY OF COLORADO, BOULDER-26-02-2021-22:51:12:844-139
Run	ERR5378193	ena-RUN-UNIVERSITY OF COLORADO, BOULDER-26-02-2021-22:51:12:844-140
Run	ERR5378194	ena-RUN-UNIVERSITY OF COLORADO, BOULDER-26-02-2021-22:51:12:844-141
Run	ERR5378195	ena-RUN-UNIVERSITY OF COLORADO, BOULDER-26-02-2021-22:51:12:844-142
Run	ERR5378196	ena-RUN-UNIVERSITY OF COLORADO, BOULDER-26-02-2021-22:51:12:844-143
Run	ERR5378197	ena-RUN-UNIVERSITY OF COLORADO, BOULDER-26-02-2021-22:51:12:844-144
Run	ERR5378198	ena-RUN-UNIVERSITY OF COLORADO, BOULDER-26-02-2021-22:51:12:844-145
Run	ERR5378199	ena-RUN-UNIVERSITY OF COLORADO, BOULDER-26-02-2021-22:51:12:844-146
Run	ERR5378200	ena-RUN-UNIVERSITY OF COLORADO, BOULDER-26-02-2021-22:51:12:844-147
Run	ERR5378201	ena-RUN-UNIVERSITY OF COLORADO, BOULDER-26-02-2021-22:51:12:844-148
Run	ERR5378202	ena-RUN-UNIVERSITY OF COLORADO, BOULDER-26-02-2021-22:51:12:844-149
Run	ERR5378203	ena-RUN-UNIVERSITY OF COLORADO, BOULDER-26-02-2021-22:51:12:844-150
Run	ERR5378204	ena-RUN-UNIVERSITY OF COLORADO, BOULDER-26-02-2021-22:51:12:844-151
Run	ERR5378205	ena-RUN-UNIVERSITY OF COLORADO, BOULDER-26-02-2021-22:51:12:844-152
Run	ERR5378206	ena-RUN-UNIVERSITY OF COLORADO, BOULDER-26-02-2021-22:51:12:844-153
Run	ERR5378207	ena-RUN-UNIVERSITY OF COLORADO, BOULDER-26-02-2021-22:51:12:844-154
Run	ERR5378208	ena-RUN-UNIVERSITY OF COLORADO, BOULDER-26-02-2021-22:51:12:844-155
Run	ERR5378209	ena-RUN-UNIVERSITY OF COLORADO, BOULDER-26-02-2021-22:51:12:845-156
Run	ERR5378210	ena-RUN-UNIVERSITY OF COLORADO, BOULDER-26-02-2021-22:51:12:845-157
Run	ERR5378211	ena-RUN-UNIVERSITY OF COLORADO, BOULDER-26-02-2021-22:51:12:845-158
Run	ERR5378212	ena-RUN-UNIVERSITY OF COLORADO, BOULDER-26-02-2021-22:51:12:845-159
Run	ERR5378213	ena-RUN-UNIVERSITY OF COLORADO, BOULDER-26-02-2021-22:51:12:845-160
Run	ERR5378214	ena-RUN-UNIVERSITY OF COLORADO, BOULDER-26-02-2021-22:51:12:845-161
Run	ERR5378215	ena-RUN-UNIVERSITY OF COLORADO, BOULDER-26-02-2021-22:51:12:845-162
Run	ERR5378216	ena-RUN-UNIVERSITY OF COLORADO, BOULDER-26-02-2021-22:51:12:845-163
Run	ERR5378217	ena-RUN-UNIVERSITY OF COLORADO, BOULDER-26-02-2021-22:51:12:845-164
Run	ERR5378218	ena-RUN-UNIVERSITY OF COLORADO, BOULDER-26-02-2021-22:51:12:845-165
Run	ERR5378219	ena-RUN-UNIVERSITY OF COLORADO, BOULDER-26-02-2021-22:51:12:845-166
Run	ERR5378220	ena-RUN-UNIVERSITY OF COLORADO, BOULDER-26-02-2021-22:51:12:845-167
Run	ERR5378221	ena-RUN-UNIVERSITY OF COLORADO, BOULDER-26-02-2021-22:51:12:845-168
Run	ERR5378222	ena-RUN-UNIVERSITY OF COLORADO, BOULDER-26-02-2021-22:51:12:845-169
Run	ERR5378223	ena-RUN-UNIVERSITY OF COLORADO, BOULDER-26-02-2021-22:51:12:845-170
Run	ERR5378224	ena-RUN-UNIVERSITY OF COLORADO, BOULDER-26-02-2021-22:51:12:845-171
Run	ERR5378225	ena-RUN-UNIVERSITY OF COLORADO, BOULDER-26-02-2021-22:51:12:845-172
Run	ERR5378226	ena-RUN-UNIVERSITY OF COLORADO, BOULDER-26-02-2021-22:51:12:845-173
Run	ERR5378227	ena-RUN-UNIVERSITY OF COLORADO, BOULDER-26-02-2021-22:51:12:845-174
Run	ERR5378228	ena-RUN-UNIVERSITY OF COLORADO, BOULDER-26-02-2021-22:51:12:845-175
Run	ERR5378229	ena-RUN-UNIVERSITY OF COLORADO, BOULDER-26-02-2021-22:51:12:845-176
Run	ERR5378230	ena-RUN-UNIVERSITY OF COLORADO, BOULDER-26-02-2021-22:51:12:845-177
Run	ERR5378231	ena-RUN-UNIVERSITY OF COLORADO, BOULDER-26-02-2021-22:51:12:845-178
Run	ERR5378232	ena-RUN-UNIVERSITY OF COLORADO, BOULDER-26-02-2021-22:51:12:845-179
Run	ERR5378233	ena-RUN-UNIVERSITY OF COLORADO, BOULDER-26-02-2021-22:51:12:845-180
Run	ERR5378234	ena-RUN-UNIVERSITY OF COLORADO, BOULDER-26-02-2021-22:51:12:845-181
Run	ERR5378235	ena-RUN-UNIVERSITY OF COLORADO, BOULDER-26-02-2021-22:51:12:845-182
Run	ERR5378236	ena-RUN-UNIVERSITY OF COLORADO, BOULDER-26-02-2021-22:51:12:845-183
Run	ERR5378237	ena-RUN-UNIVERSITY OF COLORADO, BOULDER-26-02-2021-22:51:12:845-184
Run	ERR5378238	ena-RUN-UNIVERSITY OF COLORADO, BOULDER-26-02-2021-22:51:12:846-185
Run	ERR5378239	ena-RUN-UNIVERSITY OF COLORADO, BOULDER-26-02-2021-22:51:12:846-186
Run	ERR5378240	ena-RUN-UNIVERSITY OF COLORADO, BOULDER-26-02-2021-22:51:12:846-187
Run	ERR5378241	ena-RUN-UNIVERSITY OF COLORADO, BOULDER-26-02-2021-22:51:12:846-188
Run	ERR5378242	ena-RUN-UNIVERSITY OF COLORADO, BOULDER-26-02-2021-22:51:12:846-189
Run	ERR5378243	ena-RUN-UNIVERSITY OF COLORADO, BOULDER-26-02-2021-22:51:12:846-190
Run	ERR5378244	ena-RUN-UNIVERSITY OF COLORADO, BOULDER-26-02-2021-22:51:12:846-191
Run	ERR5378245	ena-RUN-UNIVERSITY OF COLORADO, BOULDER-26-02-2021-22:51:12:846-192
Run	ERR5378246	ena-RUN-UNIVERSITY OF COLORADO, BOULDER-26-02-2021-22:51:12:846-193
Run	ERR5378247	ena-RUN-UNIVERSITY OF COLORADO, BOULDER-26-02-2021-22:51:12:846-194
Run	ERR5378248	ena-RUN-UNIVERSITY OF COLORADO, BOULDER-26-02-2021-22:51:12:846-195
Run	ERR5378249	ena-RUN-UNIVERSITY OF COLORADO, BOULDER-26-02-2021-22:51:12:846-196
Run	ERR5378250	ena-RUN-UNIVERSITY OF COLORADO, BOULDER-26-02-2021-22:51:12:846-197
Run	ERR5378251	ena-RUN-UNIVERSITY OF COLORADO, BOULDER-26-02-2021-22:51:12:846-198
Run	ERR5378252	ena-RUN-UNIVERSITY OF COLORADO, BOULDER-26-02-2021-22:51:12:846-199
Run	ERR5378253	ena-RUN-UNIVERSITY OF COLORADO, BOULDER-26-02-2021-22:51:12:846-200
Run	ERR5378254	ena-RUN-UNIVERSITY OF COLORADO, BOULDER-26-02-2021-22:51:12:846-201
Run	ERR5378255	ena-RUN-UNIVERSITY OF COLORADO, BOULDER-26-02-2021-22:51:12:846-202
Run	ERR5378256	ena-RUN-UNIVERSITY OF COLORADO, BOULDER-26-02-2021-22:51:12:846-203
Run	ERR5378257	ena-RUN-UNIVERSITY OF COLORADO, BOULDER-26-02-2021-22:51:12:846-204
Run	ERR5378258	ena-RUN-UNIVERSITY OF COLORADO, BOULDER-26-02-2021-22:51:12:846-205
Run	ERR5378259	ena-RUN-UNIVERSITY OF COLORADO, BOULDER-26-02-2021-22:51:12:846-206
Run	ERR5378260	ena-RUN-UNIVERSITY OF COLORADO, BOULDER-26-02-2021-22:51:12:846-207
Run	ERR5378261	ena-RUN-UNIVERSITY OF COLORADO, BOULDER-26-02-2021-22:51:12:846-208
Run	ERR5378262	ena-RUN-UNIVERSITY OF COLORADO, BOULDER-26-02-2021-22:51:12:846-209
Run	ERR5378263	ena-RUN-UNIVERSITY OF COLORADO, BOULDER-26-02-2021-22:51:12:846-210
Run	ERR5378264	ena-RUN-UNIVERSITY OF COLORADO, BOULDER-26-02-2021-22:51:12:846-211
Run	ERR5378265	ena-RUN-UNIVERSITY OF COLORADO, BOULDER-26-02-2021-22:51:12:846-212
Run	ERR5378266	ena-RUN-UNIVERSITY OF COLORADO, BOULDER-26-02-2021-22:51:12:846-213
Run	ERR5378267	ena-RUN-UNIVERSITY OF COLORADO, BOULDER-26-02-2021-22:51:12:846-214
Run	ERR5378268	ena-RUN-UNIVERSITY OF COLORADO, BOULDER-26-02-2021-22:51:12:847-215
Run	ERR5378269	ena-RUN-UNIVERSITY OF COLORADO, BOULDER-26-02-2021-22:51:12:847-216
Run	ERR5378270	ena-RUN-UNIVERSITY OF COLORADO, BOULDER-26-02-2021-22:51:12:847-217
Run	ERR5378271	ena-RUN-UNIVERSITY OF COLORADO, BOULDER-26-02-2021-22:51:12:847-218
Run	ERR5378272	ena-RUN-UNIVERSITY OF COLORADO, BOULDER-26-02-2021-22:51:12:847-219
Run	ERR5378273	ena-RUN-UNIVERSITY OF COLORADO, BOULDER-26-02-2021-22:51:12:847-220
Run	ERR5378274	ena-RUN-UNIVERSITY OF COLORADO, BOULDER-26-02-2021-22:51:12:847-221
Run	ERR5378275	ena-RUN-UNIVERSITY OF COLORADO, BOULDER-26-02-2021-22:51:12:847-222
Run	ERR5378276	ena-RUN-UNIVERSITY OF COLORADO, BOULDER-26-02-2021-22:51:12:847-223
Run	ERR5378277	ena-RUN-UNIVERSITY OF COLORADO, BOULDER-26-02-2021-22:51:12:847-224
Run	ERR5378278	ena-RUN-UNIVERSITY OF COLORADO, BOULDER-26-02-2021-22:51:12:847-225
Run	ERR5378279	ena-RUN-UNIVERSITY OF COLORADO, BOULDER-26-02-2021-22:51:12:847-226
Run	ERR5378280	ena-RUN-UNIVERSITY OF COLORADO, BOULDER-26-02-2021-22:51:12:847-227
Run	ERR5378281	ena-RUN-UNIVERSITY OF COLORADO, BOULDER-26-02-2021-22:51:12:847-228
Run	ERR5378282	ena-RUN-UNIVERSITY OF COLORADO, BOULDER-26-02-2021-22:51:12:847-229
Run	ERR5378283	ena-RUN-UNIVERSITY OF COLORADO, BOULDER-26-02-2021-22:51:12:847-230
Run	ERR5378284	ena-RUN-UNIVERSITY OF COLORADO, BOULDER-26-02-2021-22:51:12:847-231
Run	ERR5378285	ena-RUN-UNIVERSITY OF COLORADO, BOULDER-26-02-2021-22:51:12:847-232
Run	ERR5378286	ena-RUN-UNIVERSITY OF COLORADO, BOULDER-26-02-2021-22:51:12:847-233
Run	ERR5378287	ena-RUN-UNIVERSITY OF COLORADO, BOULDER-26-02-2021-22:51:12:847-234
Run	ERR5378288	ena-RUN-UNIVERSITY OF COLORADO, BOULDER-26-02-2021-22:51:12:847-235
Run	ERR5378289	ena-RUN-UNIVERSITY OF COLORADO, BOULDER-26-02-2021-22:51:12:847-236
Run	ERR5378290	ena-RUN-UNIVERSITY OF COLORADO, BOULDER-26-02-2021-22:51:12:847-237
Run	ERR5378291	ena-RUN-UNIVERSITY OF COLORADO, BOULDER-26-02-2021-22:51:12:847-238
Run	ERR5378292	ena-RUN-UNIVERSITY OF COLORADO, BOULDER-26-02-2021-22:51:12:847-239
Run	ERR5378293	ena-RUN-UNIVERSITY OF COLORADO, BOULDER-26-02-2021-22:51:12:847-240
Run	ERR5378294	ena-RUN-UNIVERSITY OF COLORADO, BOULDER-26-02-2021-22:51:12:847-241
Run	ERR5378295	ena-RUN-UNIVERSITY OF COLORADO, BOULDER-26-02-2021-22:51:12:847-242
Run	ERR5378296	ena-RUN-UNIVERSITY OF COLORADO, BOULDER-26-02-2021-22:51:12:847-243
Run	ERR5378297	ena-RUN-UNIVERSITY OF COLORADO, BOULDER-26-02-2021-22:51:12:847-244
Run	ERR5378298	ena-RUN-UNIVERSITY OF COLORADO, BOULDER-26-02-2021-22:51:12:848-245
Run	ERR5378299	ena-RUN-UNIVERSITY OF COLORADO, BOULDER-26-02-2021-22:51:12:848-246
Run	ERR5378300	ena-RUN-UNIVERSITY OF COLORADO, BOULDER-26-02-2021-22:51:12:848-247
Run	ERR5378301	ena-RUN-UNIVERSITY OF COLORADO, BOULDER-26-02-2021-22:51:12:848-248
Run	ERR5378302	ena-RUN-UNIVERSITY OF COLORADO, BOULDER-26-02-2021-22:51:12:848-249
Run	ERR5378303	ena-RUN-UNIVERSITY OF COLORADO, BOULDER-26-02-2021-22:51:12:848-250
Run	ERR5378304	ena-RUN-UNIVERSITY OF COLORADO, BOULDER-26-02-2021-22:51:12:848-251
Run	ERR5378305	ena-RUN-UNIVERSITY OF COLORADO, BOULDER-26-02-2021-22:51:12:848-252
Run	ERR5378306	ena-RUN-UNIVERSITY OF COLORADO, BOULDER-26-02-2021-22:51:12:848-253
Run	ERR5378307	ena-RUN-UNIVERSITY OF COLORADO, BOULDER-26-02-2021-22:51:12:848-254
Run	ERR5378308	ena-RUN-UNIVERSITY OF COLORADO, BOULDER-26-02-2021-22:51:12:848-255
Run	ERR5378309	ena-RUN-UNIVERSITY OF COLORADO, BOULDER-26-02-2021-22:51:12:848-256
Run	ERR5378310	ena-RUN-UNIVERSITY OF COLORADO, BOULDER-26-02-2021-22:51:12:848-257
Run	ERR5378311	ena-RUN-UNIVERSITY OF COLORADO, BOULDER-26-02-2021-22:51:12:848-258
Run	ERR5378312	ena-RUN-UNIVERSITY OF COLORADO, BOULDER-26-02-2021-22:51:12:848-259
Run	ERR5378313	ena-RUN-UNIVERSITY OF COLORADO, BOULDER-26-02-2021-22:51:12:848-260